name,movementFamily,countsInStats,sets,unit,value,maxEffort,eachSide,rawDetails
Bar leg raises,core,True,4,reps,10,False,False,"10 Reps, 4 Sets"
Bar leg raises,core,True,4,reps,12,False,False,"12 Reps, 4 Sets"
Bar leg raises,core,True,4,reps,8,False,False,"8 Reps, 4 Sets"
Bent knee windshield wipers,core,True,4,reps,6,False,True,"6 each side, 4 Sets"
Bent knees L-hang,core,False,3,seconds,15,False,False,"15s, 3 Sets"
Bent knees L-hang,core,False,3,seconds,"[5, 20]",False,False,"5-20s, 3 Sets"
Bent knees windshield wipers,core,True,2,reps,6,False,True,"6 each side, 2 Sets"
Bent knees windshield wipers,core,True,4,reps,6,False,True,"6 each side, 4 Sets"
Clock leg raises,core,True,2,reps,10,False,True,"10 each side, 2 Sets"
Clock leg raises,core,True,3,reps,12,False,False,"12 Reps, 3 Sets"
Clock leg raises,core,True,3,reps,6,False,True,"6 each side, 3 Sets"
Clock leg raises,core,True,2,reps,8,False,True,"8 each side, 2 Sets"
Core rollouts,core,True,3,reps,10,False,False,"10 Reps, 3 Sets"
Core rollouts,core,True,4,reps,10,False,False,"10 Reps, 4 Sets"
Core rollouts,core,True,3,reps,12,False,False,"12 Reps, 3 Sets"
Dragon Flag,core,True,4,reps,10,False,False,"10 Reps, 4 Sets"
Dragon Flag,core,True,4,reps,12,False,False,"12 Reps, 4 Sets"
Dragon Flag,core,True,4,reps,2,False,False,"2 Reps, 4 Sets"
Dragon Flag,core,True,4,reps,3,False,False,"3 Reps, 4 Sets"
Dragon Flag,core,True,4,reps,4,False,False,"4 Reps, 4 Sets"
Dragon Flag,core,True,4,reps,5,False,False,"5 Reps, 4 Sets"
Dragon Flag,core,True,4,reps,6,False,False,"6 Reps, 4 Sets"
Dragon Flag,core,True,4,reps,8,False,False,"8 Reps, 4 Sets"
Dragon flag negatives,core,False,4,reps,2,False,False,"2 Reps, 4 Sets"
Dragon flag negatives,core,False,5,reps,2,False,False,"2 Reps, 5 Sets"
Extended plank,core,False,4,seconds,"[15, 30]",False,False,"15-30s, 4 Sets"
Extended plank,core,False,4,seconds,30,False,False,"30s, 4 Sets"
Hip lifts,core,True,3,reps,20,False,False,"20 Reps, 3 Sets"
Hip lifts,core,True,4,reps,20,False,False,"20 Reps, 4 Sets"
Hollowbody hold,core,False,3,seconds,60,False,False,"60 seconds, 3 Sets"
Hollowbody position,core,False,4,seconds,60,False,False,"60 seconds, 4 Sets"
L-hang,core,False,4,seconds,30,False,False,"30 seconds , 4 Sets"
L-hang flutter kicks,core,False,4,seconds,10,False,False,"10s, 4 Sets"
L-hang leg raises,core,True,4,reps,10,False,False,"10 Reps, 4 Sets"
L-hang leg raises,core,True,4,reps,12,False,False,"12 Reps, 4 Sets"
L-hang leg raises,core,True,4,reps,15,False,False,"15 Reps, 4 Sets"
L-hang leg raises,core,True,4,reps,8,False,False,"8 Reps, 4 Sets"
Lalanne plank,core,False,4,seconds,10,False,False,"10 seconds, 4 Sets"
Lalanne plank,core,False,4,seconds,12,False,False,"12 seconds, 4 Sets"
Lalanne plank,core,False,4,seconds,15,False,False,"15 seconds, 4 Sets"
Lying leg raises,core,True,4,reps,10,False,False,"10 Reps, 4 Sets"
Lying leg raises,core,True,4,reps,8,False,False,"8 Reps, 4 Sets"
Mountain climbers,core,False,4,seconds,20,False,False,"20s, 4 Sets"
Mountain climbers,core,False,4,seconds,30,False,False,"30s, 4 Sets"
Mountain climbers,core,False,4,seconds,40,False,False,"40s, 4 Sets"
Mountain climbers,core,False,4,seconds,45,False,False,"45 seconds, 4 Sets"
One leg dragon flag,core,True,3,reps,3,False,True,"3 each leg, 3 Sets"
One leg dragon flag,core,True,4,reps,3,False,True,"3 each leg, 4 Sets"
One leg dragon flag,core,True,4,reps,4,False,True,"4 each leg, 4 Sets"
One leg dragon flag negatives,core,False,4,reps,1,False,True,"1 each leg, 4 Sets"
One leg hip lifts,core,True,3,reps,10,False,True,"10 each leg, 3 Sets"
One leg hip lifts,core,True,2,reps,6,False,True,"6 each leg, 2 Sets"
One leg hip lifts,core,True,5,reps,8,False,False,"8 Reps, 5 Sets"
One leg hip lifts,core,True,2,reps,8,False,True,"8 each leg, 2 Sets"
One leg l-hang switches,core,False,2,seconds,10,False,True,"10s each leg, 2 Sets"
One leg l-hang switches,core,False,3,seconds,,True,False,"Max s., 3 Sets"
Paused Dragon Flags,core,True,4,reps,6,False,False,"6 Reps, 4 Sets"
Paused Dragon Flags,core,True,4,reps,8,False,False,"8 Reps, 4 Sets"
Plank,core,False,4,seconds,"[10, 30]",False,False,"10-30s, 4 Sets"
Side bar leg raises,core,True,3,reps,5,False,True,"5 each side, 3 Sets"
Side bar leg raises,core,True,3,reps,6,False,True,"6 each side, 3 Sets"
Side leg raises,core,True,4,reps,12,False,True,"12 each side, 4 Sets"
Side leg raises,core,True,3,reps,6,False,True,"6 each side, 3 Sets"
Side plank,core,False,2,seconds,20,False,False,"20s, 2 Sets"
Side switches,core,False,3,seconds,15,False,False,"15s, 3 Sets"
Side switches,core,False,3,seconds,20,False,False,"20s, 3 Sets"
Straddle dragon flag negatives,core,False,4,reps,3,False,False,"3 Reps, 4 Sets"
Straight leg raises,core,True,3,reps,10,False,False,"10 Reps, 3 Sets"
Straight leg raises,core,True,4,reps,10,False,False,"10 Reps, 4 Sets"
Straight leg raises,core,True,3,reps,8,False,False,"8 Reps, 3 Sets"
Superman raises,core,True,2,reps,10,False,False,"10 Reps, 2 Sets"
Superman raises,core,True,4,reps,10,False,False,"10 Reps, 4 Sets"
Superman raises + isometric hold,core,False,4,seconds,"[10, 15]",False,False,"10+15 seconds, 4 Sets"
Superman raises + isometric hold,core,False,4,seconds,"[15, 20]",False,False,"15 + 20 seconds, 4 Sets"
Superman raises + isometric hold,core,False,4,seconds,"[15, 20]",False,False,"15+20 seconds, 4 Sets"
Superman raises + isometric hold,core,False,4,seconds,"[8, 10]",False,False,"8 + 10s, 4 Sets"
Tuck L-hang to L-hang,core,True,4,reps,6,False,False,"6 Reps, 4 Sets"
Tuck hollowbody,core,False,3,seconds,30,False,False,"30s, 3 Sets"
Tuck hollowbody,core,False,3,seconds,40,False,False,"40s, 3 Sets"
Tuck hollowbody hold,core,False,4,seconds,60,False,False,"60s, 4 Sets"
Windshield wipers,core,True,3,reps,10,False,True,"10 each side, 3 Sets"
Windshield wipers,core,True,3,reps,12,False,True,"12 each side, 3 Sets"
Windshield wipers,core,True,4,reps,4,False,True,"4 each side, 4 Sets"
Windshield wipers,core,True,4,reps,6,False,True,"6 each side, 4 Sets"
Windshield wipers,core,True,3,reps,8,False,True,"8 each side, 3 Sets"
Windshield wipers on bar,core,True,4,reps,6,False,True,"6 each side, 4 Sets"
Windshield wipers on ground,core,True,4,reps,12,False,True,"12 each side, 4 Sets"
Windshield wipers on ground,core,True,3,reps,8,False,True,"8 each side, 3 Sets"
Windshield wipers on ground,core,True,4,reps,8,False,True,"8 each side, 4 Sets"
Bench dips,dip,True,4,reps,15,False,False,"15 Reps, 4 Sets"
Dip negatives,dip,False,4,reps,5,False,False,"5 Reps, 4 Sets"
Dips,dip,True,3,reps,10,False,False,"10 Reps, 3 Sets"
Dips,dip,True,3,reps,12,False,False,"12 Reps, 3 Sets"
Dips,dip,True,4,reps,12,False,False,"12 Reps, 4 Sets"
Dips,dip,True,4,reps,14,False,False,"14 Reps, 4 Sets"
Dips,dip,True,4,reps,15,False,False,"15 Reps, 4 Sets"
Dips,dip,True,4,reps,16,False,False,"16 Reps, 4 Sets"
Dips,dip,True,4,reps,18,False,False,"18 Reps, 4 Sets"
Dips,dip,True,4,reps,20,False,False,"20 Reps, 4 Sets"
Dips,dip,True,4,reps,22,False,False,"22 Reps, 4 Sets"
Dips,dip,True,4,reps,25,False,False,"25 Reps, 4 Sets"
Dips,dip,True,4,reps,6,False,False,"6 Reps, 4 Sets"
Dips,dip,True,3,reps,8,False,False,"8 Reps, 3 Sets"
Dips,dip,True,4,reps,8,False,False,"8 Reps, 4 Sets"
Dips negatives,dip,False,5,reps,3,False,False,"3 Reps, 5 Sets"
Explosive dips,dip,True,3,reps,5,False,False,"5 Reps, 3 Sets"
Explosive dips,dip,True,5,reps,5,False,False,"5 Reps, 5 Sets"
Impossible Dip hold,dip,False,3,seconds,8,False,False,"8 seconds, 3 Sets"
Impossible Dip negative,dip,False,3,reps,1,False,False,"1 Reps, 3 Sets"
Paused dips,dip,True,4,reps,12,False,False,"12 Reps, 4 Sets"
Paused dips,dip,True,4,reps,14,False,False,"14 Reps, 4 Sets"
Paused dips,dip,True,4,reps,8,False,False,"8 Reps, 4 Sets"
Straight bar dips,dip,True,4,reps,10,False,False,"10 Reps, 4 Sets"
Straight bar dips,dip,True,3,reps,12,False,False,"12 Reps, 3 Sets"
Straight bar dips,dip,True,4,reps,12,False,False,"12 Reps, 4 Sets"
Straight bar dips,dip,True,4,reps,14,False,False,"14 Reps, 4 Sets"
Straight bar dips,dip,True,3,reps,15,False,False,"15 Reps, 3 Sets"
Straight bar dips,dip,True,4,reps,15,False,False,"15 Reps, 4 Sets"
Straight bar dips,dip,True,4,reps,16,False,False,"16 Reps, 4 Sets"
Straight bar dips,dip,True,4,reps,3,False,False,"3 Reps, 4 Sets"
Straight bar dips,dip,True,3,reps,8,False,False,"8 Reps, 3 Sets"
Triceps bench dips,dip,True,3,reps,10,False,False,"10 Reps, 3 Sets"
Triceps bench dips,dip,True,3,reps,8,False,False,"8 Reps, 3 Sets"
Assisted frogstand,handstand,False,5,seconds,5,False,False,"5s, 5 Sets"
Assisted frogstand to frogstand,handstand,False,5,reps,1,False,False,"1 Reps, 5 Sets"
Frogstand,handstand,False,5,seconds,10,False,False,"10s, 5 Sets"
Frogstand practice,handstand,False,1,minutes,10,False,False,"10 minutes, -"
Handstand,handstand,False,4,seconds,30,False,False,"30 seconds, 4 Sets"
Handstand,handstand,False,5,seconds,3,False,False,"3s, 5 Sets"
Handstand,handstand,False,4,seconds,40,False,False,"40 seconds, 4 Sets"
Handstand,handstand,False,3,seconds,60,False,False,"60 seconds, 3 Sets"
Handstand attempts,handstand,False,1,minutes,10,False,False,"10 minutes, -"
Handstand practice,handstand,False,1,minutes,10,False,False,"10 minutes, -"
Handstand to elbow lever,handstand,False,4,reps,3,False,False,"3 Reps, 4 Sets"
L-sit press to handstand,handstand,False,5,reps,3,False,False,"3 Reps, 5 Sets"
Wall assisted handstand,handstand,False,4,seconds,10,False,False,"10s, 4 Sets"
Wall assisted handstand,handstand,False,5,seconds,"[5, 10]",False,False,"5-10s, 5 Sets"
Wall assisted kickouts,handstand,False,5,reps,5,False,False,"5 Reps, 5 Sets"
Wall kickouts,handstand,False,5,reps,5,False,False,"5 Reps, 5 Sets"
Wall kickouts with handstand attempt,handstand,False,1,minutes,10,False,False,"10 minutes, -"
Wall walk + handstand hold,handstand,False,5,seconds,"[3, 5]",False,False,"3+5s, 5 Sets"
Wall walk + handstand hold,handstand,False,4,seconds,5,False,False,"5s, 4 Sets"
Wall walks,handstand,False,3,reps,2,False,False,"2 Reps, 3 Sets"
Wall walks,handstand,False,4,reps,2,False,False,"2 Reps, 4 Sets"
Wall walks,handstand,False,4,reps,3,False,False,"3 Reps, 4 Sets"
Advanced tuck front lever raises,lever,False,5,reps,3,False,False,"3 Reps, 5 Sets"
Advanced tuck front lever raises,lever,False,4,reps,4,False,False,"4 Reps, 4 Sets"
Advanced tuck front lever raises,lever,False,5,reps,5,False,False,"5 Reps, 5 Sets"
Elbow lever practice,lever,False,1,minutes,10,False,False,"10 minutes, -"
One leg front lever negatives,lever,False,5,reps,1,False,False,"1 Reps, 5 Sets"
Straddle front lever negatives,lever,False,4,reps,1,False,False,"1 Reps, 4 Sets"
Tuck front lever raises,lever,False,3,reps,4,False,False,"4 Reps, 3 Sets"
Tuck front lever raises,lever,False,4,reps,5,False,False,"5 Reps, 4 Sets"
Biceps curls,other,False,3,reps,10,False,False,"10 Reps, 3 Sets"
Biceps curls,other,False,4,reps,10,False,False,"10 Reps, 4 Sets"
Biceps curls,other,False,3,reps,12,False,False,"12 Reps, 3 Sets"
Biceps curls,other,False,4,reps,12,False,False,"12 Reps, 4 Sets"
Burpees,other,False,4,reps,15,False,False,"15 Reps, 4 Sets"
Burpees,other,False,4,reps,20,False,False,"20 Reps, 4 Sets"
Calf raises,other,False,3,reps,10,False,True,"10 each leg, 3 Sets"
Calf raises,other,False,4,reps,"[10, 10, 20]",False,False,"10,10,20, 4 Sets"
Calf raises,other,False,3,reps,12,False,True,"12 each leg, 3 each leg"
Calf raises,other,False,4,reps,12,False,True,"12 each leg, 4 Sets"
Calf raises,other,False,4,reps,15,False,True,"15 each leg, 4 Sets"
Calf raises,other,False,3,reps,20,False,True,"20 each leg, 3 Sets"
Calf raises,other,False,4,reps,20,False,True,"20 each leg, 4 Sets"
Dragon lifts,other,False,4,reps,8,False,False,"8 Reps, 4 Sets"
Hanging bent knees raises,other,False,4,reps,5,False,False,"5 Reps, 4 Sets"
Hanging knee raises,other,False,3,reps,10,False,False,"10 Reps, 3 Sets"
Hanging knee raises,other,False,4,reps,6,False,False,"6 Reps, 4 Sets"
Hefesto curls,other,False,4,reps,3,False,False,"3 Reps, 4 Sets"
Icecream makers,other,False,4,reps,2,False,False,"2 Reps, 4 Sets"
Icecream makers,other,False,4,reps,5,False,False,"5 Reps, 4 Sets"
Icecream makers,other,False,4,reps,8,False,False,"8 Reps, 4 Sets"
Inverted deadlift,other,False,4,reps,10,False,False,"10 Reps, 4 Sets"
Inverted deadlift,other,False,4,reps,12,False,False,"12 Reps, 4 Sets"
Inverted deadlift,other,False,4,reps,5,False,False,"5 Reps, 4 Sets"
Inverted deadlift,other,False,3,reps,6,False,False,"6 Reps, 3 Sets"
Inverted deadlift,other,False,4,reps,6,False,False,"6 Reps, 4 Sets"
Inverted deadlift,other,False,3,reps,8,False,False,"8 Reps, 3 Sets"
Inverted deadlift,other,False,4,reps,8,False,False,"8 Reps, 4 Sets"
One leg dragon negatives,other,False,3,reps,3,False,True,"3 each leg, 3 Sets"
Pike walks,other,False,3,seconds,15,False,False,"15s, 3 Sets"
Side bar raises,other,False,4,reps,5,False,True,"5 each side, 4 Sets"
Supported triceps extensions,other,False,4,reps,15,False,False,"15 Reps, 4 Sets"
Triceps extensions,other,False,4,reps,10,False,False,"10 Reps, 4 Sets"
Triceps extensions,other,False,4,reps,12,False,False,"12 Reps, 4 Sets"
Triceps extensions on ground,other,False,4,reps,15,False,False,"15 Reps, 4 Sets"
Advanced tuck front lever pull ups,pull,True,4,reps,4,False,False,"4 Reps, 4 Sets"
Archery australian chin ups,pull,False,3,reps,5,False,True,"5 each side, 3 Sets"
Archery australian pull ups,pull,False,3,reps,5,False,True,"5 each side, 3 Sets"
Archery australian pull ups,pull,False,4,reps,6,False,False,"6 Reps, 4 Sets"
Archery pull ups,pull,True,3,reps,3,False,True,"3 each arm, 3 Sets"
Assisted chin ups,pull,False,3,reps,10,False,False,"10 Reps, 3 Sets"
Assisted chin ups burnout,pull,False,3,reps,,True,False,"max, 3 Sets"
Assisted close grip chin ups,pull,False,4,reps,6,False,False,"6 Reps, 4 Sets"
Australian archery pull ups,pull,False,3,reps,6,False,True,"6 each side, 3 Sets"
Australian chin ups,pull,False,4,reps,12,False,False,"12 Reps, 4 Sets"
Australian chin ups,pull,False,3,reps,6,False,False,"6 Reps, 3 Sets"
Australian chin ups,pull,False,3,reps,8,False,False,"8 Reps, 3 Sets"
Australian chin ups,pull,False,4,reps,8,False,False,"8 Reps, 4 Sets"
Australian pull ups,pull,False,2,reps,10,False,False,"10 Reps, 2 Sets"
Australian pull ups,pull,False,3,reps,10,False,False,"10 Reps, 3 Sets"
Australian pull ups,pull,False,4,reps,12,False,False,"12 Reps, 4 Sets"
Australian pull ups,pull,False,3,reps,6,False,False,"6 Reps, 3 Sets"
Australian pull ups,pull,False,4,reps,6,False,False,"6 Reps, 4 Sets"
Australian pull ups,pull,False,3,reps,8,False,False,"8 Reps, 3 Sets"
Chin ups,pull,True,4,reps,10,False,False,"10 Reps, 4 Sets"
Chin ups,pull,True,4,reps,4,False,False,"4 Reps, 4 Sets"
Chin ups,pull,True,2,reps,6,False,False,"6 Reps, 2 Sets"
Chin ups,pull,True,3,reps,6,False,False,"6 Reps, 3 Sets"
Chin ups,pull,True,4,reps,6,False,False,"6 Reps, 4 Sets"
Chin ups with slow eccentrics,pull,True,3,reps,3,False,False,"3 Reps, 3 Sets"
Chin ups with slow eccentrics,pull,True,3,reps,4,False,False,"4 Reps, 3 Sets"
Clap pull ups,pull,True,3,reps,3,False,False,"3 Reps, 3 Sets"
Close grip chin ups,pull,True,4,reps,12,False,False,"12 Reps, 4 Sets"
Close grip chin ups,pull,True,4,reps,13,False,False,"13 Reps, 4 Sets"
Close grip chin ups,pull,True,4,reps,14,False,False,"14 Reps, 4 Sets"
Elevated Australian pull ups,pull,False,4,reps,10,False,False,"10 Reps, 4 Sets"
Elevated Australian pull ups,pull,False,4,reps,12,False,False,"12 Reps, 4 Sets"
Elevated Australian pull ups,pull,False,4,reps,14,False,False,"14 Reps, 4 Sets"
Elevated Australian pull ups,pull,False,4,reps,15,False,False,"15 Reps, 4 Sets"
Elevated Australian pull ups,pull,False,4,reps,16,False,False,"16 Reps, 4 Sets"
Elevated Australian pull ups,pull,False,4,reps,8,False,False,"8 Reps, 4 Sets"
Explosive australian pull ups,pull,False,4,reps,4,False,False,"4 Reps, 4 Sets"
Explosive australian pull ups,pull,False,5,reps,5,False,False,"5 Reps, 5 Sets"
Explosive chin ups,pull,True,4,reps,4,False,False,"4 Reps, 4 Sets"
Explosive pull ups,pull,True,5,reps,2,False,False,"2 Reps, 5 Sets"
Explosive pull ups,pull,True,4,reps,3,False,False,"3 Reps, 4 Sets"
Facepulls,pull,True,4,reps,10,False,False,"10 Reps, 4 Sets"
Facepulls,pull,True,4,reps,15,False,False,"15 Reps, 4 Sets"
High Pull ups,pull,True,4,reps,1,False,False,"1 Reps, 4 Sets"
High Pull ups,pull,True,5,reps,2,False,False,"2 Reps, 5 Sets"
High Pull ups,pull,True,4,reps,4,False,False,"4 Reps, 4 Sets"
Isometric chin up hold,pull,False,4,seconds,15,False,False,"15s, 4 Sets"
Izometrics (pull up),pull,False,4,seconds,5,False,True,"5s each position, 4 Sets"
Jump chin ups,pull,True,4,reps,3,False,False,"3 Reps, 4 Sets"
Jump pull ups,pull,True,4,reps,3,False,False,"3 Reps, 4 Sets"
Leg assisted chin ups,pull,False,3,reps,5,False,False,"5 Reps, 3 Sets"
Leg assisted chin ups,pull,False,4,reps,5,False,False,"5 Reps, 4 Sets"
Leg assisted pull ups,pull,False,3,reps,5,False,False,"5 Reps, 3 Sets"
Muscle Up,pull,True,4,reps,5,False,False,"5 Reps, 4 Sets"
Muscle Up,pull,True,4,reps,6,False,False,"6 Reps, 4 Sets"
Muscle Up,pull,True,4,reps,8,False,False,"8 Reps, 4 Sets"
Muscle up front lever transitions,pull,True,4,reps,5,False,False,"5 Reps, 4 Sets"
Muscle up negatives,pull,False,4,reps,1,False,False,"1 Reps, 4 Sets"
Muscle up negatives,pull,False,6,reps,1,False,False,"1 Reps, 6 Sets"
Muscle up to front lever transitions,pull,True,4,reps,3,False,False,"3 Reps, 4 Sets"
Muscle up to front lever transitions,pull,True,5,reps,5,False,False,"5 Reps, 5 Sets"
Partner/band assisted chin ups,pull,False,4,reps,6,False,False,"6 Reps, 4 Sets"
Pull up isometrics,pull,False,2,seconds,5,True,False,"Max x 5s, 2 Sets"
Pull up isometrics,pull,False,3,seconds,5,True,False,"Max x5 seconds, 3 Sets"
Pull up negatives,pull,False,5,reps,1,False,False,"1 Reps, 5 Sets"
Pull ups,pull,True,4,reps,10,False,False,"10 Reps, 4 Sets"
Pull ups,pull,True,4,reps,11,False,False,"11 Reps, 4 Sets"
Pull ups,pull,True,4,reps,12,False,False,"12 Reps, 4 Sets"
Pull ups,pull,True,4,reps,13,False,False,"13 Reps, 4 Sets"
Pull ups,pull,True,3,reps,14,False,False,"14 Reps, 3 Sets"
Pull ups,pull,True,4,reps,14,False,False,"14 Reps, 4 Sets"
Pull ups,pull,True,3,reps,15,False,False,"15 Reps, 3 Sets"
Pull ups,pull,True,3,reps,16,False,False,"16 Reps, 3 Sets"
Pull ups,pull,True,4,reps,16,False,False,"16 Reps, 4 Sets"
Pull ups,pull,True,4,reps,18,False,False,"18 Reps, 4 Sets"
Pull ups,pull,True,4,reps,20,False,False,"20 Reps, 4 Sets"
Pull ups,pull,True,4,reps,4,False,False,"4 Reps, 4 Sets"
Pull ups,pull,True,3,reps,5,False,False,"5 Reps, 3 Sets"
Pull ups,pull,True,4,reps,5,False,False,"5 Reps, 4 Sets"
Pull ups,pull,True,4,reps,6,False,False,"6 Reps, 4 Sets"
Pull ups,pull,True,4,reps,8,False,False,"8 Reps, 4 Sets"
Pull ups burnout,pull,True,3,reps,,True,False,"Max, 3 Sets"
Pull ups burnout,pull,True,4,reps,,True,False,"max, 4 Sets"
Side Pull ups,pull,True,4,reps,2,False,True,"2 each arm, 4 Sets"
Side Pull ups,pull,True,3,reps,4,False,True,"4 each arm, 3 Sets"
Side Pull ups,pull,True,4,reps,5,False,True,"5 each side, 4 Sets"
Toe touches pull ups,pull,True,4,reps,4,False,False,"4 Reps, 4 Sets"
Tuck L-hang chin ups,pull,True,4,reps,10,False,False,"10 Reps, 4 Sets"
Tuck L-hang chin ups,pull,True,4,reps,8,False,False,"8 Reps, 4 Sets"
Tuck front lever pull ups,pull,True,4,reps,4,False,False,"4 Reps, 4 Sets"
Tuck front lever pull ups,pull,True,4,reps,6,False,False,"6 Reps, 4 Sets"
Tuck front lever pulls,pull,True,5,reps,2,False,False,"2 Reps, 5 Sets"
Typewriter pull ups,pull,True,4,reps,4,False,True,"4 each side, 4 Sets"
Typewriter pull ups,pull,True,4,reps,5,False,True,"5 each side, 4 Sets"
Archery push ups,push,True,4,reps,4,False,True,"4 each side, 4 Sets"
Archery push ups,push,True,4,reps,5,False,True,"5 each side, 4 Sets"
Archery push ups,push,True,4,reps,8,False,True,"8 each arm, 4 Sets"
Archery push ups,push,True,4,reps,8,False,True,"8 each side, 4 Sets"
Back clap push ups,push,True,3,reps,3,False,False,"3 Reps, 3 Sets"
Band assisted 90 degree HSPU,push,False,4,reps,3,False,False,"3 Reps, 4 Sets"
Beginner Hindu push ups,push,True,3,reps,5,False,False,"5 Reps, 3 Sets"
Beginner Hindu push ups,push,True,4,reps,8,False,False,"8 Reps, 4 Sets"
Decline push ups,push,True,3,reps,10,False,False,"10 Reps, 3 Sets"
Diamond push ups,push,True,3,reps,10,False,False,"10 Reps, 3 Sets"
Diamond push ups,push,True,3,reps,13,False,False,"13 Reps, 3 Sets"
Diamond push ups,push,True,4,reps,15,False,False,"15 Reps, 4 Sets"
Diamond push ups,push,True,3,reps,8,False,False,"8 Reps, 3 Sets"
Diamond push ups,push,True,4,reps,8,False,False,"8 Reps, 4 Sets"
Diamond push ups burnout,push,True,3,reps,,True,False,"Max, 3 Sets"
Diamond push ups on knees,push,False,3,reps,5,False,False,"5 Reps, 3 Sets"
Elevated Pike push ups,push,False,4,reps,10,False,False,"10 Reps, 4 Sets"
Elevated Pike push ups,push,False,4,reps,12,False,False,"12 Reps, 4 Sets"
Elevated Pike push ups,push,False,4,reps,8,False,False,"8 Reps, 4 Sets"
Elevated diamond push ups,push,False,4,reps,10,False,False,"10 Reps, 4 Sets"
Elevated diamond push ups,push,False,4,reps,12,False,False,"12 Reps, 4 Sets"
Elevated diamond push ups,push,False,4,reps,13,False,False,"13 Reps, 4 Sets"
Elevated diamond push ups,push,False,4,reps,15,False,False,"15 Reps, 4 Sets"
Elevated diamond push ups,push,False,4,reps,25,False,False,"25 Reps, 4 Sets"
Elevated pike push ups,push,False,3,reps,12,False,False,"12 Reps, 3 Sets"
Elevated pike push ups,push,False,3,reps,14,False,False,"14 Reps, 3 Sets"
Elevated pike push ups,push,False,4,reps,6,False,False,"6 Reps, 4 Sets"
Elevated push ups,push,False,4,reps,15,False,False,"15 Reps, 4 Sets"
Elevated push ups,push,False,4,reps,16,False,False,"16 Reps, 4 Sets"
Elevated push ups,push,False,4,reps,20,False,False,"20 Reps, 4 Sets"
Elevated push ups,push,False,4,reps,25,False,False,"25 Reps, 4 Sets"
Elevated push ups,push,False,3,reps,8,False,False,"8 Reps, 3 Sets"
Elevated push ups burnout,push,False,3,reps,,True,False,"Max reps, 3 Sets"
Explosive push ups,push,True,3,reps,10,False,False,"10 Reps, 3 Sets"
Explosive push ups,push,True,5,reps,3,False,False,"3 Reps, 5 Sets"
Explosive push ups,push,True,5,reps,5,False,False,"5 Reps, 5 Sets"
Free Handstand push ups,push,True,5,reps,2,False,False,"2 Reps, 5 Sets"
Free Handstand push ups,push,True,5,reps,5,False,False,"5 Reps, 5 Sets"
Free Handstand push ups,push,True,4,reps,6,False,False,"6 Reps, 4 Sets"
Hindu push ups,push,True,3,reps,10,False,False,"10 Reps, 3 Sets"
Incline close push ups,push,False,5,reps,3,False,False,"3 Reps, 5 Sets"
Incline diamond push ups,push,False,4,reps,10,False,False,"10 Reps, 4 Sets"
Incline diamond push ups,push,False,4,reps,5,False,False,"5 Reps, 4 Sets"
Incline one arm push ups,push,False,4,reps,3,False,True,"3 each arm, 4 Sets"
Incline pike push ups,push,False,3,reps,8,False,False,"8 Reps, 3 Sets"
Incline push ups,push,False,5,reps,3,False,False,"3 Reps, 5 Sets"
Incline push ups,push,False,5,reps,5,False,False,"5 Reps, 5 Sets"
Incline push ups,push,False,4,reps,8,False,False,"8 Reps, 4 Sets"
L-sit to straddle planche switches,push,True,4,reps,2,False,False,"2 Reps, 4 Sets"
L-sit to straddle planche switches,push,True,4,reps,3,False,False,"3 Reps, 4 Sets"
L-sit to straddle planche switches,push,True,4,reps,4,False,False,"4 Reps, 4 Sets"
L-sit to straddle planche switches,push,True,4,reps,5,False,False,"5 Reps, 4 Sets"
L-sit to tuck planche switches,push,True,4,reps,3,False,False,"3 Reps, 4 Sets"
L-sit to tuck planche switches,push,True,5,reps,3,False,False,"3 Reps, 5 Sets"
L-sit to tuck planche switches,push,True,4,reps,4,False,False,"4 Reps, 4 Sets"
Paused push ups,push,True,4,reps,12,False,False,"12 Reps, 4 Sets"
Pike push ups,push,True,4,reps,10,False,False,"10 Reps, 4 Sets"
Pike push ups,push,True,4,reps,12,False,False,"12 Reps, 4 Sets"
Pike push ups,push,True,3,reps,14,False,False,"14 Reps, 3 Sets"
Pike push ups,push,True,3,reps,8,False,False,"8 Reps, 3 Sets"
Planche lean,push,False,4,seconds,10,False,False,"10 seconds, 4 Sets"
Planche lean,push,False,5,seconds,"[5, 10]",False,False,"5-10s, 5 Sets"
Planche lean push ups,push,True,2,reps,10,False,False,"10 Reps, 2 Sets"
Planche lean push ups,push,True,3,reps,10,False,False,"10 Reps, 3 Sets"
Planche lean push ups,push,True,3,reps,12,False,False,"12 Reps, 3 Sets"
Planche lean push ups,push,True,4,reps,5,False,False,"5 Reps, 4 Sets"
Planche lean push ups,push,True,3,reps,6,False,False,"6 Reps, 3 Sets"
Planche lean push ups,push,True,4,reps,6,False,False,"6 Reps, 4 Sets"
Planche lean push ups,push,True,3,reps,8,False,False,"8 Reps, 3 Sets"
Planche lean scapula push ups,push,True,3,reps,10,False,False,"10 Reps, 3 Sets"
Push up burnout,push,True,4,reps,,True,False,"max, 4 Sets"
Push up negatives,push,False,4,reps,5,False,False,"5 Reps, 4 Sets"
Push ups,push,True,4,reps,10,False,False,"10 Reps, 4 Sets"
Push ups,push,True,3,reps,12,False,False,"12 Reps, 3 Sets"
Push ups,push,True,4,reps,6,False,False,"6 Reps, 4 Sets"
Push ups burnout,push,True,3,reps,,True,False,"Max reps, 3 Sets"
Push ups burnout,push,True,3,reps,,True,False,"Max, 3 Sets"
Push ups on knees,push,False,4,reps,5,False,False,"5 Reps, 4 Sets"
Push ups on knees negatives,push,False,3,reps,6,False,False,"6 Reps, 3 Sets"
Scapula push ups,push,True,3,reps,10,False,False,"10 Reps, 3 Sets"
Scapula push ups,push,True,3,reps,15,False,False,"15 Reps, 3 Sets"
Superman push ups,push,True,4,reps,3,False,False,"3 Reps, 4 Sets"
Supinated push ups,push,True,4,reps,8,False,False,"8 Reps, 4 Sets"
Tuck Planche push ups,push,True,4,reps,12,False,False,"12 Reps, 4 Sets"
Tuck Planche push ups,push,True,3,reps,5,False,False,"5 Reps, 3 Sets"
Tuck Planche push ups,push,True,3,reps,8,False,False,"8 Reps, 3 Sets"
Wall HSPU (back to wall),push,True,4,reps,10,False,False,"10 Reps, 4 Sets"
Wall HSPU (back to wall),push,True,4,reps,12,False,False,"12 Reps, 4 Sets"
Wall HSPU (back to wall),push,True,5,reps,5,False,False,"5 Reps, 5 Sets"
Wall HSPU (back to wall),push,True,4,reps,6,False,False,"6 Reps, 4 Sets"
Wall HSPU (back to wall),push,True,4,reps,8,False,False,"8 Reps, 4 Sets"
Wall HSPU (stomach to wall),push,True,4,reps,12,False,False,"12 Reps, 4 Sets"
Wall HSPU (stomach to wall),push,True,4,reps,14,False,False,"14 Reps, 4 Sets"
Wall HSPU (stomach to wall),push,True,5,reps,2,False,False,"2 Reps, 5 Sets"
Wall HSPU (stomach to wall),push,True,4,reps,3,False,False,"3 Reps, 4 Sets"
Wall HSPU (stomach to wall),push,True,5,reps,3,False,False,"3 Reps, 5 Sets"
Wall HSPU (stomach to wall),push,True,4,reps,4,False,False,"4 Reps, 4 Sets"
Wall HSPU (stomach to wall),push,True,3,reps,5,False,False,"5 Reps, 3 Sets"
Wall handstand push up negatives,push,False,4,reps,5,False,False,"5 Reps, 4 Sets"
Wall handstand push ups,push,True,5,reps,5,False,False,"5 Reps, 5 Sets"
Wide push ups on knees,push,False,3,reps,5,False,False,"5 Reps, 3 Sets"
Wide to close push ups,push,True,4,reps,15,False,False,"15 Reps, 4 Sets"
Wide to close push ups,push,True,4,reps,18,False,False,"18 Reps, 4 Sets"
Bulgarian split squats,squat,True,3,reps,10,False,True,"10 each leg, 3 Sets"
Bulgarian split squats,squat,True,3,reps,12,False,True,"12 each leg, 3 Sets"
Bulgarian split squats,squat,True,3,reps,12,False,True,"12 each side, 3 Sets"
Jump squats,squat,True,3,reps,10,False,False,"10 Reps, 3 Sets"
Jump squats,squat,True,4,reps,10,False,False,"10 Reps, 4 Sets"
Reverse lunges,squat,True,3,reps,12,False,True,"12 each leg, 3 Sets"
Reverse lunges,squat,True,3,reps,15,False,False,"15 Reps, 3 Sets"
Reverse lunges,squat,True,3,reps,15,False,True,"15 each leg, 3 Sets"
Reverse lunges,squat,True,4,reps,15,False,True,"15 each leg, 4 Sets"
Reverse lunges,squat,True,4,reps,15,False,True,"15 each side, 4 Sets"
Reverse lunges,squat,True,3,reps,18,False,True,"18 each leg, 3 Sets"
Reverse lunges,squat,True,4,reps,20,False,True,"20 each leg, 4 Sets"
Squats,squat,True,4,reps,15,False,False,"15 Reps, 4 Sets"
Squats,squat,True,3,reps,20,False,False,"20 Reps, 3 Sets"
Squats,squat,True,4,reps,20,False,False,"20 Reps, 4 Sets"
Squats,squat,True,4,reps,25,False,False,"25 Reps, 4 Sets"
